Vendor,Rohde&Schwarz,,,,,,,
Device/Mat.-No.,RTB2004 / 1333.1005k04,,,,,,,
Serial No.,110244,,,,,,,
Firmware Version,2.3,,,,,,,
Date,2023/1/30,,,,,,,
Time,18:02:08,,,,,,,
Comment,,,,,,,,
,,,,,,,,
Meas. Place,,1,,2,,3,,4
Type,,Amplitude,,Amplitude,,Frequency,,Phase
Source 1,,C1,,C2,,C1,,C1
Source 2,,,,,,,,C2
Unit,,V,,V,,Hz,,Â°
Upper Level [%],,9.00E+01,,9.00E+01,,9.00E+01,,9.00E+01
Middle Level [%],,5.00E+01,,5.00E+01,,5.00E+01,,5.00E+01
Lower Level [%],,1.00E+01,,1.00E+01,,1.00E+01,,1.00E+01
Wave count,,813,,813,,814,,814
Current,,1.88E+00,,1.78E+00,,1.43E+04,,8.20E+01
Average No.,,1.00E+03,,1.00E+03,,1.00E+03,,1.00E+03
Min,,1.88E+00,,1.74E+00,,1.00E+04,,-1.80E+02
Max,,2.02E+00,,1.81E+00,,2.00E+04,,1.80E+02
Mean,,1.95E+00,,1.78E+00,,1.50E+04,,1.17E+01
StdDev,,4.04E-02,,1.82E-02,,2.89E+03,,1.08E+02
Time of first value,,,,,,,,
Time of last value,,,,,,,,
Long term Min,,1.88E+00,,1.74E+00,,1.00E+04,,-1.80E+02
Long term Max,,2.02E+00,,1.81E+00,,2.00E+04,,1.80E+02
Long term Mean,,1.95E+00,,1.78E+00,,1.50E+04,,1.17E+01
Long term StdDev,,4.04E-02,,1.82E-02,,2.89E+03,,1.08E+02
Long term start time,,,,,,,,
Long term end Time,,,,,,,,
,,,,,,,,
,,,,,,,,
Index,Time Offset,Value,Time Offset,Value,Time Offset,Value,Time Offset,Value
1,,1.90E+00,,1.78E+00,,1.46E+04,,9.53E+01
2,,1.91E+00,,1.77E+00,,1.47E+04,,9.74E+01
3,,1.91E+00,,1.77E+00,,1.48E+04,,1.02E+02
4,,1.91E+00,,1.77E+00,,1.49E+04,,1.04E+02
5,,1.91E+00,,1.77E+00,,1.50E+04,,1.09E+02
6,,1.92E+00,,1.77E+00,,1.51E+04,,1.12E+02
7,,1.93E+00,,1.77E+00,,1.52E+04,,1.14E+02
8,,1.94E+00,,1.77E+00,,1.54E+04,,1.20E+02
9,,1.94E+00,,1.77E+00,,1.55E+04,,1.22E+02
10,,1.95E+00,,1.77E+00,,1.56E+04,,1.25E+02
11,,1.96E+00,,1.77E+00,,1.57E+04,,1.29E+02
12,,1.96E+00,,1.77E+00,,1.58E+04,,1.31E+02
13,,1.97E+00,,1.77E+00,,1.59E+04,,1.35E+02
14,,1.98E+00,,1.76E+00,,1.60E+04,,1.38E+02
15,,1.99E+00,,1.77E+00,,1.61E+04,,1.41E+02
16,,1.99E+00,,1.77E+00,,1.62E+04,,1.43E+02
17,,2.00E+00,,1.77E+00,,1.63E+04,,1.47E+02
18,,2.00E+00,,1.77E+00,,1.64E+04,,1.50E+02
19,,2.01E+00,,1.77E+00,,1.65E+04,,1.54E+02
20,,2.01E+00,,1.77E+00,,1.66E+04,,1.55E+02
21,,2.01E+00,,1.76E+00,,1.67E+04,,1.58E+02
22,,2.01E+00,,1.77E+00,,1.68E+04,,1.61E+02
23,,2.02E+00,,1.76E+00,,1.69E+04,,1.65E+02
24,,2.02E+00,,1.76E+00,,1.70E+04,,1.67E+02
25,,2.01E+00,,1.77E+00,,1.71E+04,,1.71E+02
26,,2.02E+00,,1.76E+00,,1.72E+04,,1.74E+02
27,,2.01E+00,,1.76E+00,,1.73E+04,,1.77E+02
28,,2.01E+00,,1.76E+00,,1.74E+04,,1.78E+02
29,,2.01E+00,,1.77E+00,,1.75E+04,,-1.77E+02
30,,2.01E+00,,1.77E+00,,1.76E+04,,-1.75E+02
31,,2.01E+00,,1.76E+00,,1.77E+04,,-1.73E+02
32,,2.00E+00,,1.76E+00,,1.78E+04,,-1.68E+02
33,,1.99E+00,,1.76E+00,,1.79E+04,,-1.65E+02
34,,1.99E+00,,1.76E+00,,1.80E+04,,-1.62E+02
35,,1.99E+00,,1.76E+00,,1.81E+04,,-1.59E+02
36,,1.98E+00,,1.76E+00,,1.82E+04,,-1.55E+02
37,,1.97E+00,,1.76E+00,,1.83E+04,,-1.53E+02
38,,1.96E+00,,1.76E+00,,1.84E+04,,-1.50E+02
39,,1.96E+00,,1.75E+00,,1.85E+04,,-1.46E+02
40,,1.96E+00,,1.75E+00,,1.86E+04,,-1.43E+02
41,,1.95E+00,,1.76E+00,,1.87E+04,,-1.40E+02
42,,1.94E+00,,1.75E+00,,1.88E+04,,-1.38E+02
43,,1.93E+00,,1.76E+00,,1.89E+04,,-1.34E+02
44,,1.93E+00,,1.75E+00,,1.90E+04,,-1.31E+02
45,,1.93E+00,,1.75E+00,,1.91E+04,,-1.27E+02
46,,1.92E+00,,1.75E+00,,1.92E+04,,-1.25E+02
47,,1.91E+00,,1.75E+00,,1.93E+04,,-1.20E+02
48,,1.91E+00,,1.75E+00,,1.94E+04,,-1.18E+02
49,,1.91E+00,,1.74E+00,,1.95E+04,,-1.14E+02
50,,1.91E+00,,1.74E+00,,1.96E+04,,-1.11E+02
51,,1.90E+00,,1.74E+00,,1.97E+04,,-1.07E+02
52,,1.90E+00,,1.74E+00,,1.98E+04,,-1.05E+02
53,,1.93E+00,,1.80E+00,,1.99E+04,,-1.01E+02
54,,1.93E+00,,1.80E+00,,1.00E+04,,-4.84E+01
55,,1.93E+00,,1.81E+00,,1.01E+04,,-4.63E+01
56,,1.93E+00,,1.80E+00,,1.03E+04,,-4.16E+01
57,,1.94E+00,,1.81E+00,,1.03E+04,,-3.94E+01
58,,1.94E+00,,1.81E+00,,1.05E+04,,-3.59E+01
59,,1.95E+00,,1.81E+00,,1.06E+04,,-3.17E+01
60,,1.95E+00,,1.80E+00,,1.07E+04,,-2.85E+01
61,,1.96E+00,,1.80E+00,,1.08E+04,,-2.53E+01
62,,1.96E+00,,1.80E+00,,1.09E+04,,-2.14E+01
63,,1.96E+00,,1.80E+00,,1.10E+04,,-2.00E+01
64,,1.96E+00,,1.80E+00,,1.11E+04,,-1.54E+01
65,,1.96E+00,,1.80E+00,,1.12E+04,,-1.32E+01
66,,1.96E+00,,1.80E+00,,1.13E+04,,-9.50E+00
67,,1.96E+00,,1.80E+00,,1.14E+04,,-6.04E+00
68,,1.96E+00,,1.80E+00,,1.15E+04,,-3.00E+00
69,,1.96E+00,,1.80E+00,,1.16E+04,,1.00E-01
70,,1.96E+00,,1.80E+00,,1.17E+04,,2.71E+00
71,,1.96E+00,,1.80E+00,,1.18E+04,,6.06E+00
72,,1.96E+00,,1.79E+00,,1.19E+04,,8.90E+00
73,,1.96E+00,,1.80E+00,,1.20E+04,,1.23E+01
74,,1.95E+00,,1.80E+00,,1.21E+04,,1.54E+01
75,,1.95E+00,,1.80E+00,,1.22E+04,,1.77E+01
76,,1.94E+00,,1.80E+00,,1.23E+04,,2.05E+01
77,,1.93E+00,,1.79E+00,,1.24E+04,,2.35E+01
78,,1.93E+00,,1.80E+00,,1.25E+04,,2.66E+01
79,,1.93E+00,,1.80E+00,,1.26E+04,,2.99E+01
80,,1.93E+00,,1.80E+00,,1.27E+04,,3.23E+01
81,,1.92E+00,,1.79E+00,,1.28E+04,,3.59E+01
82,,1.91E+00,,1.79E+00,,1.29E+04,,3.97E+01
83,,1.91E+00,,1.79E+00,,1.30E+04,,4.33E+01
84,,1.91E+00,,1.79E+00,,1.31E+04,,4.48E+01
85,,1.91E+00,,1.79E+00,,1.32E+04,,4.90E+01
86,,1.91E+00,,1.79E+00,,1.33E+04,,5.21E+01
87,,1.89E+00,,1.79E+00,,1.34E+04,,5.54E+01
88,,1.89E+00,,1.79E+00,,1.35E+04,,5.79E+01
89,,1.89E+00,,1.79E+00,,1.36E+04,,6.20E+01
90,,1.89E+00,,1.78E+00,,1.38E+04,,6.67E+01
91,,1.88E+00,,1.79E+00,,1.38E+04,,6.86E+01
92,,1.88E+00,,1.78E+00,,1.40E+04,,7.20E+01
93,,1.88E+00,,1.78E+00,,1.40E+04,,7.50E+01
94,,1.88E+00,,1.78E+00,,1.42E+04,,7.88E+01
95,,1.89E+00,,1.78E+00,,1.43E+04,,8.24E+01
96,,1.89E+00,,1.78E+00,,1.44E+04,,8.55E+01
97,,1.89E+00,,1.78E+00,,1.45E+04,,8.88E+01
98,,1.90E+00,,1.78E+00,,1.46E+04,,9.29E+01
99,,1.90E+00,,1.78E+00,,1.47E+04,,9.62E+01
100,,1.91E+00,,1.78E+00,,1.48E+04,,9.91E+01
101,,1.91E+00,,1.77E+00,,1.49E+04,,1.02E+02
102,,1.91E+00,,1.77E+00,,1.50E+04,,1.06E+02
103,,1.92E+00,,1.77E+00,,1.51E+04,,1.10E+02
104,,1.92E+00,,1.77E+00,,1.52E+04,,1.14E+02
105,,1.93E+00,,1.77E+00,,1.53E+04,,1.16E+02
106,,1.93E+00,,1.77E+00,,1.54E+04,,1.19E+02
107,,1.94E+00,,1.77E+00,,1.55E+04,,1.22E+02
108,,1.95E+00,,1.77E+00,,1.56E+04,,1.25E+02
109,,1.96E+00,,1.77E+00,,1.57E+04,,1.29E+02
110,,1.96E+00,,1.77E+00,,1.58E+04,,1.32E+02
111,,1.97E+00,,1.77E+00,,1.59E+04,,1.34E+02
112,,1.98E+00,,1.77E+00,,1.60E+04,,1.38E+02
113,,1.99E+00,,1.77E+00,,1.61E+04,,1.41E+02
114,,1.99E+00,,1.77E+00,,1.62E+04,,1.43E+02
115,,1.99E+00,,1.77E+00,,1.63E+04,,1.46E+02
116,,1.99E+00,,1.77E+00,,1.64E+04,,1.50E+02
117,,2.01E+00,,1.77E+00,,1.65E+04,,1.52E+02
118,,2.01E+00,,1.77E+00,,1.66E+04,,1.55E+02
119,,2.01E+00,,1.76E+00,,1.67E+04,,1.58E+02
120,,2.01E+00,,1.77E+00,,1.68E+04,,1.62E+02
121,,2.02E+00,,1.76E+00,,1.69E+04,,1.64E+02
122,,2.02E+00,,1.76E+00,,1.70E+04,,1.68E+02
123,,2.02E+00,,1.76E+00,,1.71E+04,,1.71E+02
124,,2.02E+00,,1.76E+00,,1.72E+04,,1.74E+02
125,,2.02E+00,,1.76E+00,,1.73E+04,,1.76E+02
126,,2.01E+00,,1.76E+00,,1.74E+04,,-1.79E+02
127,,2.01E+00,,1.76E+00,,1.75E+04,,-1.76E+02
128,,2.01E+00,,1.76E+00,,1.76E+04,,-1.74E+02
129,,2.00E+00,,1.76E+00,,1.77E+04,,-1.70E+02
130,,2.00E+00,,1.76E+00,,1.78E+04,,-1.69E+02
131,,1.99E+00,,1.76E+00,,1.79E+04,,-1.65E+02
132,,1.99E+00,,1.76E+00,,1.80E+04,,-1.61E+02
133,,1.99E+00,,1.76E+00,,1.81E+04,,-1.58E+02
134,,1.98E+00,,1.76E+00,,1.82E+04,,-1.56E+02
135,,1.97E+00,,1.76E+00,,1.83E+04,,-1.52E+02
136,,1.97E+00,,1.75E+00,,1.84E+04,,-1.50E+02
137,,1.96E+00,,1.75E+00,,1.85E+04,,-1.46E+02
138,,1.96E+00,,1.75E+00,,1.86E+04,,-1.44E+02
139,,1.95E+00,,1.76E+00,,1.87E+04,,-1.41E+02
140,,1.94E+00,,1.75E+00,,1.88E+04,,-1.36E+02
141,,1.93E+00,,1.75E+00,,1.89E+04,,-1.35E+02
142,,1.93E+00,,1.75E+00,,1.90E+04,,-1.30E+02
143,,1.93E+00,,1.75E+00,,1.91E+04,,-1.28E+02
144,,1.92E+00,,1.75E+00,,1.92E+04,,-1.25E+02
145,,1.91E+00,,1.75E+00,,1.93E+04,,-1.21E+02
146,,1.91E+00,,1.75E+00,,1.94E+04,,-1.16E+02
147,,1.91E+00,,1.75E+00,,1.95E+04,,-1.15E+02
148,,1.91E+00,,1.74E+00,,1.96E+04,,-1.11E+02
149,,1.90E+00,,1.75E+00,,1.97E+04,,-1.09E+02
150,,1.90E+00,,1.75E+00,,1.98E+04,,-1.05E+02
151,,1.92E+00,,1.81E+00,,1.99E+04,,-1.01E+02
152,,1.93E+00,,1.81E+00,,1.00E+04,,-4.93E+01
153,,1.93E+00,,1.80E+00,,1.01E+04,,-4.53E+01
154,,1.93E+00,,1.80E+00,,1.03E+04,,-4.21E+01
155,,1.94E+00,,1.80E+00,,1.04E+04,,-3.91E+01
156,,1.94E+00,,1.80E+00,,1.05E+04,,-3.45E+01
157,,1.95E+00,,1.81E+00,,1.06E+04,,-3.20E+01
158,,1.95E+00,,1.80E+00,,1.07E+04,,-2.90E+01
159,,1.96E+00,,1.80E+00,,1.08E+04,,-2.50E+01
160,,1.96E+00,,1.80E+00,,1.09E+04,,-2.35E+01
161,,1.96E+00,,1.80E+00,,1.10E+04,,-2.02E+01
162,,1.96E+00,,1.80E+00,,1.11E+04,,-1.50E+01
163,,1.96E+00,,1.80E+00,,1.13E+04,,-1.07E+01
164,,1.96E+00,,1.80E+00,,1.14E+04,,-7.52E+00
165,,1.96E+00,,1.80E+00,,1.14E+04,,-5.94E+00
166,,1.96E+00,,1.80E+00,,1.16E+04,,-1.40E+00
167,,1.96E+00,,1.80E+00,,1.17E+04,,1.27E+00
168,,1.96E+00,,1.80E+00,,1.18E+04,,3.21E+00
169,,1.96E+00,,1.80E+00,,1.19E+04,,7.01E+00
170,,1.96E+00,,1.80E+00,,1.20E+04,,1.03E+01
171,,1.95E+00,,1.80E+00,,1.21E+04,,1.32E+01
172,,1.95E+00,,1.80E+00,,1.22E+04,,1.60E+01
173,,1.94E+00,,1.79E+00,,1.23E+04,,1.96E+01
174,,1.94E+00,,1.79E+00,,1.24E+04,,2.20E+01
175,,1.94E+00,,1.80E+00,,1.25E+04,,2.53E+01
176,,1.93E+00,,1.79E+00,,1.26E+04,,2.88E+01
177,,1.93E+00,,1.79E+00,,1.27E+04,,3.16E+01
178,,1.92E+00,,1.79E+00,,1.28E+04,,3.40E+01
179,,1.92E+00,,1.79E+00,,1.29E+04,,3.75E+01
180,,1.91E+00,,1.79E+00,,1.30E+04,,4.04E+01
181,,1.91E+00,,1.79E+00,,1.31E+04,,4.40E+01
182,,1.91E+00,,1.79E+00,,1.32E+04,,4.69E+01
183,,1.90E+00,,1.78E+00,,1.33E+04,,4.95E+01
184,,1.90E+00,,1.78E+00,,1.34E+04,,5.40E+01
185,,1.89E+00,,1.78E+00,,1.35E+04,,5.73E+01
186,,1.89E+00,,1.79E+00,,1.36E+04,,6.09E+01
187,,1.89E+00,,1.78E+00,,1.37E+04,,6.36E+01
188,,1.89E+00,,1.78E+00,,1.38E+04,,6.90E+01
189,,1.88E+00,,1.78E+00,,1.39E+04,,7.08E+01
190,,1.88E+00,,1.78E+00,,1.40E+04,,7.56E+01
191,,1.88E+00,,1.78E+00,,1.41E+04,,7.82E+01
192,,1.88E+00,,1.78E+00,,1.42E+04,,8.03E+01
193,,1.89E+00,,1.77E+00,,1.43E+04,,8.47E+01
194,,1.89E+00,,1.77E+00,,1.44E+04,,8.76E+01
195,,1.89E+00,,1.78E+00,,1.45E+04,,9.12E+01
196,,1.90E+00,,1.78E+00,,1.46E+04,,9.37E+01
197,,1.90E+00,,1.77E+00,,1.47E+04,,9.61E+01
198,,1.91E+00,,1.77E+00,,1.48E+04,,1.01E+02
199,,1.91E+00,,1.77E+00,,1.49E+04,,1.04E+02
200,,1.92E+00,,1.77E+00,,1.50E+04,,1.07E+02
201,,1.92E+00,,1.77E+00,,1.51E+04,,1.10E+02
202,,1.93E+00,,1.77E+00,,1.52E+04,,1.15E+02
203,,1.93E+00,,1.77E+00,,1.53E+04,,1.16E+02
204,,1.94E+00,,1.77E+00,,1.54E+04,,1.19E+02
205,,1.94E+00,,1.77E+00,,1.55E+04,,1.23E+02
206,,1.95E+00,,1.77E+00,,1.56E+04,,1.26E+02
207,,1.96E+00,,1.77E+00,,1.57E+04,,1.31E+02
208,,1.97E+00,,1.77E+00,,1.58E+04,,1.32E+02
209,,1.97E+00,,1.77E+00,,1.59E+04,,1.36E+02
210,,1.99E+00,,1.77E+00,,1.60E+04,,1.38E+02
211,,1.99E+00,,1.77E+00,,1.61E+04,,1.41E+02
212,,1.99E+00,,1.77E+00,,1.62E+04,,1.45E+02
213,,2.00E+00,,1.77E+00,,1.63E+04,,1.47E+02
214,,2.01E+00,,1.77E+00,,1.64E+04,,1.51E+02
215,,2.01E+00,,1.77E+00,,1.65E+04,,1.54E+02
216,,2.01E+00,,1.77E+00,,1.66E+04,,1.58E+02
217,,2.01E+00,,1.76E+00,,1.67E+04,,1.59E+02
218,,2.02E+00,,1.76E+00,,1.68E+04,,1.63E+02
219,,2.02E+00,,1.76E+00,,1.69E+04,,1.66E+02
220,,2.02E+00,,1.76E+00,,1.70E+04,,1.68E+02
221,,2.02E+00,,1.76E+00,,1.71E+04,,1.72E+02
222,,2.02E+00,,1.76E+00,,1.72E+04,,1.75E+02
223,,2.01E+00,,1.76E+00,,1.73E+04,,1.78E+02
224,,2.01E+00,,1.76E+00,,1.74E+04,,-1.78E+02
225,,2.01E+00,,1.76E+00,,1.75E+04,,-1.77E+02
226,,2.01E+00,,1.76E+00,,1.76E+04,,-1.74E+02
227,,2.01E+00,,1.76E+00,,1.77E+04,,-1.70E+02
228,,2.00E+00,,1.76E+00,,1.78E+04,,-1.68E+02
229,,1.99E+00,,1.76E+00,,1.79E+04,,-1.65E+02
230,,1.99E+00,,1.76E+00,,1.80E+04,,-1.61E+02
231,,1.99E+00,,1.76E+00,,1.81E+04,,-1.60E+02
232,,1.98E+00,,1.76E+00,,1.82E+04,,-1.56E+02
233,,1.98E+00,,1.76E+00,,1.83E+04,,-1.53E+02
234,,1.97E+00,,1.76E+00,,1.84E+04,,-1.50E+02
235,,1.96E+00,,1.76E+00,,1.86E+04,,-1.45E+02
236,,1.96E+00,,1.75E+00,,1.86E+04,,-1.42E+02
237,,1.95E+00,,1.75E+00,,1.88E+04,,-1.39E+02
238,,1.94E+00,,1.75E+00,,1.88E+04,,-1.38E+02
239,,1.93E+00,,1.75E+00,,1.90E+04,,-1.33E+02
240,,1.93E+00,,1.75E+00,,1.90E+04,,-1.31E+02
241,,1.92E+00,,1.75E+00,,1.92E+04,,-1.26E+02
242,,1.91E+00,,1.75E+00,,1.93E+04,,-1.22E+02
243,,1.91E+00,,1.75E+00,,1.94E+04,,-1.19E+02
244,,1.91E+00,,1.75E+00,,1.95E+04,,-1.17E+02
245,,1.91E+00,,1.75E+00,,1.96E+04,,-1.13E+02
246,,1.90E+00,,1.74E+00,,1.97E+04,,-1.09E+02
247,,1.90E+00,,1.75E+00,,1.98E+04,,-1.06E+02
248,,1.90E+00,,1.74E+00,,1.99E+04,,-1.03E+02
249,,1.93E+00,,1.80E+00,,2.00E+04,,-9.95E+01
250,,1.93E+00,,1.80E+00,,1.01E+04,,-4.78E+01
251,,1.93E+00,,1.81E+00,,1.02E+04,,-4.36E+01
252,,1.94E+00,,1.81E+00,,1.03E+04,,-4.14E+01
253,,1.93E+00,,1.81E+00,,1.04E+04,,-3.89E+01
254,,1.94E+00,,1.80E+00,,1.05E+04,,-3.49E+01
255,,1.95E+00,,1.80E+00,,1.06E+04,,-3.16E+01
256,,1.95E+00,,1.80E+00,,1.07E+04,,-2.88E+01
257,,1.96E+00,,1.81E+00,,1.08E+04,,-2.59E+01
258,,1.96E+00,,1.80E+00,,1.09E+04,,-2.23E+01
259,,1.96E+00,,1.80E+00,,1.10E+04,,-1.96E+01
260,,1.96E+00,,1.80E+00,,1.11E+04,,-1.48E+01
261,,1.96E+00,,1.80E+00,,1.12E+04,,-1.19E+01
262,,1.96E+00,,1.80E+00,,1.13E+04,,-9.68E+00
263,,1.96E+00,,1.80E+00,,1.14E+04,,-6.37E+00
264,,1.96E+00,,1.80E+00,,1.15E+04,,-3.23E+00
265,,1.96E+00,,1.80E+00,,1.16E+04,,-3.82E-01
266,,1.96E+00,,1.80E+00,,1.17E+04,,3.17E+00
267,,1.96E+00,,1.80E+00,,1.18E+04,,5.91E+00
268,,1.96E+00,,1.80E+00,,1.19E+04,,9.63E+00
269,,1.96E+00,,1.80E+00,,1.20E+04,,1.22E+01
270,,1.96E+00,,1.80E+00,,1.21E+04,,1.44E+01
271,,1.94E+00,,1.80E+00,,1.22E+04,,1.77E+01
272,,1.94E+00,,1.79E+00,,1.23E+04,,2.08E+01
273,,1.94E+00,,1.79E+00,,1.24E+04,,2.41E+01
274,,1.93E+00,,1.80E+00,,1.25E+04,,2.68E+01
275,,1.93E+00,,1.79E+00,,1.26E+04,,2.97E+01
276,,1.93E+00,,1.79E+00,,1.27E+04,,3.36E+01
277,,1.91E+00,,1.79E+00,,1.28E+04,,3.81E+01
278,,1.91E+00,,1.79E+00,,1.30E+04,,4.11E+01
279,,1.91E+00,,1.79E+00,,1.31E+04,,4.40E+01
280,,1.90E+00,,1.78E+00,,1.32E+04,,4.85E+01
281,,1.90E+00,,1.78E+00,,1.33E+04,,5.27E+01
282,,1.89E+00,,1.78E+00,,1.34E+04,,5.57E+01
283,,1.89E+00,,1.78E+00,,1.35E+04,,5.85E+01
284,,1.90E+00,,1.79E+00,,1.36E+04,,6.20E+01
285,,1.88E+00,,1.79E+00,,1.37E+04,,6.41E+01
286,,1.88E+00,,1.78E+00,,1.38E+04,,6.83E+01
287,,1.88E+00,,1.78E+00,,1.39E+04,,7.16E+01
288,,1.88E+00,,1.78E+00,,1.40E+04,,7.46E+01
289,,1.88E+00,,1.78E+00,,1.41E+04,,7.81E+01
290,,1.88E+00,,1.78E+00,,1.42E+04,,8.14E+01
291,,1.89E+00,,1.77E+00,,1.43E+04,,8.34E+01
292,,1.89E+00,,1.78E+00,,1.44E+04,,8.82E+01
293,,1.89E+00,,1.77E+00,,1.45E+04,,9.24E+01
294,,1.90E+00,,1.78E+00,,1.46E+04,,9.39E+01
295,,1.90E+00,,1.78E+00,,1.47E+04,,9.74E+01
296,,1.91E+00,,1.77E+00,,1.48E+04,,1.00E+02
297,,1.91E+00,,1.77E+00,,1.49E+04,,1.05E+02
298,,1.92E+00,,1.77E+00,,1.50E+04,,1.07E+02
299,,1.93E+00,,1.77E+00,,1.51E+04,,1.12E+02
300,,1.93E+00,,1.77E+00,,1.52E+04,,1.14E+02
301,,1.93E+00,,1.77E+00,,1.53E+04,,1.18E+02
302,,1.94E+00,,1.77E+00,,1.54E+04,,1.20E+02
303,,1.95E+00,,1.77E+00,,1.55E+04,,1.23E+02
304,,1.96E+00,,1.77E+00,,1.56E+04,,1.27E+02
305,,1.96E+00,,1.77E+00,,1.57E+04,,1.31E+02
306,,1.96E+00,,1.77E+00,,1.59E+04,,1.35E+02
307,,1.97E+00,,1.77E+00,,1.59E+04,,1.36E+02
308,,1.99E+00,,1.77E+00,,1.61E+04,,1.41E+02
309,,1.99E+00,,1.77E+00,,1.62E+04,,1.44E+02
310,,1.99E+00,,1.77E+00,,1.63E+04,,1.46E+02
311,,2.00E+00,,1.77E+00,,1.64E+04,,1.49E+02
312,,2.01E+00,,1.77E+00,,1.65E+04,,1.52E+02
313,,2.01E+00,,1.77E+00,,1.66E+04,,1.55E+02
314,,2.01E+00,,1.76E+00,,1.67E+04,,1.59E+02
315,,2.01E+00,,1.76E+00,,1.68E+04,,1.61E+02
316,,2.02E+00,,1.77E+00,,1.69E+04,,1.64E+02
317,,2.02E+00,,1.76E+00,,1.70E+04,,1.68E+02
318,,2.01E+00,,1.77E+00,,1.71E+04,,1.70E+02
319,,2.02E+00,,1.76E+00,,1.72E+04,,1.73E+02
320,,2.02E+00,,1.77E+00,,1.73E+04,,1.75E+02
321,,2.01E+00,,1.76E+00,,1.74E+04,,1.78E+02
322,,2.01E+00,,1.76E+00,,1.75E+04,,-1.78E+02
323,,2.01E+00,,1.76E+00,,1.76E+04,,-1.75E+02
324,,2.01E+00,,1.76E+00,,1.77E+04,,-1.72E+02
325,,2.00E+00,,1.76E+00,,1.78E+04,,-1.68E+02
326,,2.00E+00,,1.76E+00,,1.79E+04,,-1.65E+02
327,,1.99E+00,,1.76E+00,,1.80E+04,,-1.63E+02
328,,1.99E+00,,1.76E+00,,1.81E+04,,-1.61E+02
329,,1.98E+00,,1.76E+00,,1.82E+04,,-1.56E+02
330,,1.98E+00,,1.75E+00,,1.83E+04,,-1.53E+02
331,,1.96E+00,,1.76E+00,,1.84E+04,,-1.49E+02
332,,1.96E+00,,1.76E+00,,1.85E+04,,-1.46E+02
333,,1.96E+00,,1.75E+00,,1.86E+04,,-1.44E+02
334,,1.95E+00,,1.75E+00,,1.87E+04,,-1.41E+02
335,,1.94E+00,,1.75E+00,,1.88E+04,,-1.37E+02
336,,1.93E+00,,1.75E+00,,1.89E+04,,-1.34E+02
337,,1.93E+00,,1.75E+00,,1.91E+04,,-1.29E+02
338,,1.92E+00,,1.75E+00,,1.92E+04,,-1.27E+02
339,,1.91E+00,,1.75E+00,,1.93E+04,,-1.21E+02
340,,1.91E+00,,1.74E+00,,1.94E+04,,-1.18E+02
341,,1.91E+00,,1.74E+00,,1.95E+04,,-1.14E+02
342,,1.91E+00,,1.74E+00,,1.96E+04,,-1.11E+02
343,,1.90E+00,,1.74E+00,,1.98E+04,,-1.07E+02
344,,1.90E+00,,1.74E+00,,1.99E+04,,-1.02E+02
345,,1.93E+00,,1.81E+00,,2.00E+04,,-9.97E+01
346,,1.93E+00,,1.80E+00,,1.01E+04,,-4.66E+01
347,,1.93E+00,,1.80E+00,,1.02E+04,,-4.24E+01
348,,1.94E+00,,1.81E+00,,1.03E+04,,-3.89E+01
349,,1.94E+00,,1.81E+00,,1.04E+04,,-3.71E+01
350,,1.95E+00,,1.80E+00,,1.05E+04,,-3.34E+01
351,,1.95E+00,,1.80E+00,,1.07E+04,,-2.86E+01
352,,1.96E+00,,1.80E+00,,1.08E+04,,-2.41E+01
353,,1.95E+00,,1.80E+00,,1.09E+04,,-2.29E+01
354,,1.96E+00,,1.80E+00,,1.10E+04,,-2.10E+01
355,,1.96E+00,,1.80E+00,,1.11E+04,,-1.64E+01
356,,1.96E+00,,1.80E+00,,1.12E+04,,-1.17E+01
357,,1.96E+00,,1.80E+00,,1.13E+04,,-9.48E+00
358,,1.96E+00,,1.80E+00,,1.14E+04,,-6.49E+00
359,,1.96E+00,,1.80E+00,,1.16E+04,,-1.74E+00
360,,1.96E+00,,1.80E+00,,1.17E+04,,2.04E+00
361,,1.96E+00,,1.80E+00,,1.18E+04,,4.51E+00
362,,1.96E+00,,1.80E+00,,1.19E+04,,6.61E+00
363,,1.96E+00,,1.80E+00,,1.20E+04,,1.18E+01
364,,1.95E+00,,1.80E+00,,1.21E+04,,1.47E+01
365,,1.95E+00,,1.80E+00,,1.22E+04,,1.72E+01
366,,1.94E+00,,1.79E+00,,1.23E+04,,2.05E+01
367,,1.94E+00,,1.80E+00,,1.25E+04,,2.55E+01
368,,1.93E+00,,1.79E+00,,1.26E+04,,2.84E+01
369,,1.93E+00,,1.79E+00,,1.27E+04,,3.30E+01
370,,1.92E+00,,1.79E+00,,1.28E+04,,3.70E+01
371,,1.91E+00,,1.79E+00,,1.29E+04,,4.05E+01
372,,1.91E+00,,1.78E+00,,1.30E+04,,4.23E+01
373,,1.91E+00,,1.79E+00,,1.32E+04,,4.78E+01
374,,1.91E+00,,1.79E+00,,1.33E+04,,5.04E+01
375,,1.90E+00,,1.79E+00,,1.34E+04,,5.37E+01
376,,1.89E+00,,1.78E+00,,1.35E+04,,5.58E+01
377,,1.89E+00,,1.79E+00,,1.36E+04,,6.12E+01
378,,1.88E+00,,1.78E+00,,1.37E+04,,6.33E+01
379,,1.88E+00,,1.78E+00,,1.38E+04,,6.74E+01
380,,1.88E+00,,1.78E+00,,1.40E+04,,7.31E+01
381,,1.88E+00,,1.78E+00,,1.41E+04,,7.50E+01
382,,1.88E+00,,1.78E+00,,1.42E+04,,7.98E+01
383,,1.89E+00,,1.78E+00,,1.43E+04,,8.21E+01
384,,1.89E+00,,1.78E+00,,1.44E+04,,8.76E+01
385,,1.90E+00,,1.77E+00,,1.45E+04,,9.06E+01
386,,1.90E+00,,1.78E+00,,1.46E+04,,9.48E+01
387,,1.90E+00,,1.78E+00,,1.47E+04,,9.75E+01
388,,1.91E+00,,1.77E+00,,1.49E+04,,1.03E+02
389,,1.91E+00,,1.77E+00,,1.50E+04,,1.05E+02
390,,1.92E+00,,1.78E+00,,1.51E+04,,1.10E+02
391,,1.93E+00,,1.77E+00,,1.52E+04,,1.13E+02
392,,1.94E+00,,1.77E+00,,1.54E+04,,1.19E+02
393,,1.94E+00,,1.77E+00,,1.55E+04,,1.23E+02
394,,1.96E+00,,1.77E+00,,1.56E+04,,1.24E+02
395,,1.97E+00,,1.77E+00,,1.58E+04,,1.31E+02
396,,1.97E+00,,1.77E+00,,1.59E+04,,1.37E+02
397,,1.99E+00,,1.77E+00,,1.60E+04,,1.38E+02
398,,1.99E+00,,1.76E+00,,1.62E+04,,1.44E+02
399,,1.99E+00,,1.77E+00,,1.62E+04,,1.47E+02
400,,2.00E+00,,1.77E+00,,1.64E+04,,1.49E+02
401,,2.01E+00,,1.77E+00,,1.65E+04,,1.52E+02
402,,2.01E+00,,1.77E+00,,1.66E+04,,1.56E+02
403,,2.02E+00,,1.76E+00,,1.67E+04,,1.59E+02
404,,2.02E+00,,1.76E+00,,1.68E+04,,1.64E+02
405,,2.02E+00,,1.76E+00,,1.70E+04,,1.69E+02
406,,2.02E+00,,1.77E+00,,1.70E+04,,1.70E+02
407,,2.02E+00,,1.76E+00,,1.72E+04,,1.72E+02
408,,2.01E+00,,1.76E+00,,1.73E+04,,1.76E+02
409,,2.01E+00,,1.76E+00,,1.74E+04,,-1.79E+02
410,,2.01E+00,,1.76E+00,,1.75E+04,,-1.76E+02
411,,2.01E+00,,1.76E+00,,1.76E+04,,-1.73E+02
412,,2.00E+00,,1.76E+00,,1.78E+04,,-1.70E+02
413,,2.01E+00,,1.76E+00,,1.79E+04,,-1.66E+02
414,,1.99E+00,,1.76E+00,,1.80E+04,,-1.64E+02
415,,1.99E+00,,1.76E+00,,1.81E+04,,-1.61E+02
416,,1.98E+00,,1.76E+00,,1.82E+04,,-1.56E+02
417,,1.97E+00,,1.76E+00,,1.83E+04,,-1.53E+02
418,,1.96E+00,,1.76E+00,,1.84E+04,,-1.50E+02
419,,1.96E+00,,1.76E+00,,1.86E+04,,-1.45E+02
420,,1.95E+00,,1.75E+00,,1.87E+04,,-1.42E+02
421,,1.94E+00,,1.76E+00,,1.88E+04,,-1.40E+02
422,,1.93E+00,,1.75E+00,,1.89E+04,,-1.34E+02
423,,1.93E+00,,1.75E+00,,1.90E+04,,-1.31E+02
424,,1.92E+00,,1.75E+00,,1.91E+04,,-1.29E+02
425,,1.92E+00,,1.75E+00,,1.92E+04,,-1.25E+02
426,,1.91E+00,,1.75E+00,,1.94E+04,,-1.19E+02
427,,1.91E+00,,1.74E+00,,1.95E+04,,-1.16E+02
428,,1.90E+00,,1.75E+00,,1.96E+04,,-1.13E+02
429,,1.91E+00,,1.74E+00,,1.97E+04,,-1.09E+02
430,,1.90E+00,,1.75E+00,,1.98E+04,,-1.04E+02
431,,1.93E+00,,1.81E+00,,1.99E+04,,-1.02E+02
432,,1.93E+00,,1.81E+00,,1.01E+04,,-4.70E+01
433,,1.93E+00,,1.81E+00,,1.02E+04,,-4.58E+01
434,,1.93E+00,,1.80E+00,,1.03E+04,,-4.14E+01
435,,1.94E+00,,1.81E+00,,1.04E+04,,-3.64E+01
436,,1.94E+00,,1.80E+00,,1.05E+04,,-3.47E+01
437,,1.95E+00,,1.81E+00,,1.06E+04,,-3.11E+01
438,,1.95E+00,,1.80E+00,,1.07E+04,,-2.71E+01
439,,1.96E+00,,1.81E+00,,1.09E+04,,-2.32E+01
440,,1.96E+00,,1.80E+00,,1.10E+04,,-1.99E+01
441,,1.96E+00,,1.80E+00,,1.11E+04,,-1.72E+01
442,,1.96E+00,,1.80E+00,,1.12E+04,,-1.28E+01
443,,1.96E+00,,1.80E+00,,1.13E+04,,-8.60E+00
444,,1.96E+00,,1.80E+00,,1.14E+04,,-6.13E+00
445,,1.96E+00,,1.80E+00,,1.15E+04,,-3.86E+00
446,,1.96E+00,,1.80E+00,,1.17E+04,,5.85E-01
447,,1.96E+00,,1.80E+00,,1.18E+04,,3.87E+00
448,,1.96E+00,,1.79E+00,,1.19E+04,,6.03E+00
449,,1.96E+00,,1.79E+00,,1.20E+04,,1.01E+01
450,,1.96E+00,,1.79E+00,,1.21E+04,,1.45E+01
451,,1.95E+00,,1.80E+00,,1.22E+04,,1.82E+01
452,,1.94E+00,,1.79E+00,,1.23E+04,,2.03E+01
453,,1.94E+00,,1.80E+00,,1.25E+04,,2.53E+01
454,,1.93E+00,,1.80E+00,,1.26E+04,,2.73E+01
455,,1.93E+00,,1.79E+00,,1.27E+04,,3.21E+01
456,,1.92E+00,,1.79E+00,,1.28E+04,,3.55E+01
457,,1.91E+00,,1.79E+00,,1.29E+04,,3.98E+01
458,,1.91E+00,,1.79E+00,,1.30E+04,,4.18E+01
459,,1.90E+00,,1.79E+00,,1.31E+04,,4.60E+01
460,,1.90E+00,,1.79E+00,,1.33E+04,,4.95E+01
461,,1.89E+00,,1.79E+00,,1.34E+04,,5.51E+01
462,,1.89E+00,,1.79E+00,,1.35E+04,,5.60E+01
463,,1.89E+00,,1.78E+00,,1.36E+04,,6.03E+01
464,,1.89E+00,,1.78E+00,,1.37E+04,,6.55E+01
465,,1.89E+00,,1.78E+00,,1.38E+04,,6.89E+01
466,,1.88E+00,,1.78E+00,,1.39E+04,,7.05E+01
467,,1.88E+00,,1.78E+00,,1.40E+04,,7.52E+01
468,,1.88E+00,,1.78E+00,,1.42E+04,,7.94E+01
469,,1.89E+00,,1.78E+00,,1.43E+04,,8.23E+01
470,,1.90E+00,,1.78E+00,,1.44E+04,,8.61E+01
471,,1.90E+00,,1.78E+00,,1.45E+04,,9.02E+01
472,,1.89E+00,,1.77E+00,,1.46E+04,,9.43E+01
473,,1.91E+00,,1.77E+00,,1.47E+04,,9.76E+01
474,,1.91E+00,,1.78E+00,,1.48E+04,,1.02E+02
475,,1.91E+00,,1.78E+00,,1.50E+04,,1.05E+02
476,,1.92E+00,,1.77E+00,,1.51E+04,,1.08E+02
477,,1.93E+00,,1.78E+00,,1.52E+04,,1.13E+02
478,,1.93E+00,,1.77E+00,,1.53E+04,,1.16E+02
479,,1.94E+00,,1.77E+00,,1.54E+04,,1.21E+02
480,,1.95E+00,,1.77E+00,,1.55E+04,,1.23E+02
481,,1.96E+00,,1.77E+00,,1.56E+04,,1.26E+02
482,,1.96E+00,,1.77E+00,,1.58E+04,,1.30E+02
483,,1.96E+00,,1.77E+00,,1.59E+04,,1.35E+02
484,,1.98E+00,,1.77E+00,,1.60E+04,,1.37E+02
485,,1.99E+00,,1.77E+00,,1.61E+04,,1.40E+02
486,,1.99E+00,,1.77E+00,,1.62E+04,,1.46E+02
487,,2.00E+00,,1.76E+00,,1.63E+04,,1.46E+02
488,,2.00E+00,,1.77E+00,,1.64E+04,,1.51E+02
489,,2.01E+00,,1.76E+00,,1.65E+04,,1.54E+02
490,,2.01E+00,,1.76E+00,,1.67E+04,,1.59E+02
491,,2.01E+00,,1.76E+00,,1.68E+04,,1.61E+02
492,,2.02E+00,,1.77E+00,,1.69E+04,,1.65E+02
493,,2.02E+00,,1.76E+00,,1.70E+04,,1.68E+02
494,,2.02E+00,,1.77E+00,,1.71E+04,,1.72E+02
495,,2.01E+00,,1.76E+00,,1.72E+04,,1.73E+02
496,,2.02E+00,,1.76E+00,,1.74E+04,,1.78E+02
497,,2.01E+00,,1.76E+00,,1.74E+04,,1.80E+02
498,,2.01E+00,,1.76E+00,,1.76E+04,,-1.75E+02
499,,2.01E+00,,1.76E+00,,1.77E+04,,-1.72E+02
500,,1.99E+00,,1.76E+00,,1.78E+04,,-1.68E+02
501,,1.99E+00,,1.76E+00,,1.80E+04,,-1.63E+02
502,,1.99E+00,,1.76E+00,,1.81E+04,,-1.61E+02
503,,1.98E+00,,1.76E+00,,1.82E+04,,-1.57E+02
504,,1.98E+00,,1.76E+00,,1.83E+04,,-1.53E+02
505,,1.97E+00,,1.75E+00,,1.84E+04,,-1.50E+02
506,,1.96E+00,,1.76E+00,,1.85E+04,,-1.46E+02
507,,1.95E+00,,1.76E+00,,1.86E+04,,-1.43E+02
508,,1.94E+00,,1.75E+00,,1.88E+04,,-1.40E+02
509,,1.94E+00,,1.75E+00,,1.89E+04,,-1.36E+02
510,,1.93E+00,,1.75E+00,,1.90E+04,,-1.32E+02
511,,1.93E+00,,1.75E+00,,1.91E+04,,-1.27E+02
512,,1.92E+00,,1.75E+00,,1.92E+04,,-1.25E+02
513,,1.91E+00,,1.75E+00,,1.93E+04,,-1.21E+02
514,,1.91E+00,,1.75E+00,,1.95E+04,,-1.16E+02
515,,1.91E+00,,1.75E+00,,1.96E+04,,-1.13E+02
516,,1.90E+00,,1.75E+00,,1.97E+04,,-1.10E+02
517,,1.90E+00,,1.74E+00,,1.98E+04,,-1.05E+02
518,,1.92E+00,,1.81E+00,,1.99E+04,,-1.01E+02
519,,1.93E+00,,1.81E+00,,1.00E+04,,-4.95E+01
520,,1.93E+00,,1.80E+00,,1.02E+04,,-4.48E+01
521,,1.94E+00,,1.81E+00,,1.03E+04,,-4.09E+01
522,,1.93E+00,,1.80E+00,,1.04E+04,,-3.93E+01
523,,1.94E+00,,1.80E+00,,1.05E+04,,-3.51E+01
524,,1.95E+00,,1.80E+00,,1.06E+04,,-3.10E+01
525,,1.95E+00,,1.80E+00,,1.07E+04,,-2.70E+01
526,,1.96E+00,,1.80E+00,,1.08E+04,,-2.45E+01
527,,1.96E+00,,1.80E+00,,1.10E+04,,-2.16E+01
528,,1.96E+00,,1.80E+00,,1.11E+04,,-1.81E+01
529,,1.96E+00,,1.80E+00,,1.12E+04,,-1.36E+01
530,,1.96E+00,,1.80E+00,,1.13E+04,,-9.29E+00
531,,1.96E+00,,1.80E+00,,1.14E+04,,-6.21E+00
532,,1.96E+00,,1.80E+00,,1.15E+04,,-3.78E+00
533,,1.96E+00,,1.80E+00,,1.16E+04,,1.12E+00
534,,1.96E+00,,1.80E+00,,1.18E+04,,4.46E+00
535,,1.96E+00,,1.80E+00,,1.19E+04,,5.90E+00
536,,1.96E+00,,1.80E+00,,1.20E+04,,1.06E+01
537,,1.96E+00,,1.79E+00,,1.21E+04,,1.30E+01
538,,1.95E+00,,1.79E+00,,1.22E+04,,1.82E+01
539,,1.94E+00,,1.79E+00,,1.23E+04,,2.03E+01
540,,1.93E+00,,1.79E+00,,1.24E+04,,2.40E+01
541,,1.93E+00,,1.79E+00,,1.26E+04,,2.93E+01
542,,1.93E+00,,1.79E+00,,1.27E+04,,3.14E+01
543,,1.92E+00,,1.79E+00,,1.28E+04,,3.56E+01
544,,1.92E+00,,1.79E+00,,1.29E+04,,3.98E+01
545,,1.91E+00,,1.79E+00,,1.30E+04,,4.19E+01
546,,1.91E+00,,1.78E+00,,1.31E+04,,4.50E+01
547,,1.90E+00,,1.79E+00,,1.32E+04,,4.90E+01
548,,1.90E+00,,1.78E+00,,1.33E+04,,5.28E+01
549,,1.89E+00,,1.79E+00,,1.35E+04,,5.67E+01
550,,1.89E+00,,1.79E+00,,1.36E+04,,5.94E+01
551,,1.89E+00,,1.79E+00,,1.37E+04,,6.27E+01
552,,1.88E+00,,1.78E+00,,1.38E+04,,6.66E+01
553,,1.88E+00,,1.78E+00,,1.39E+04,,7.09E+01
554,,1.88E+00,,1.78E+00,,1.40E+04,,7.46E+01
555,,1.88E+00,,1.78E+00,,1.41E+04,,7.89E+01
556,,1.88E+00,,1.77E+00,,1.42E+04,,8.15E+01
557,,1.89E+00,,1.77E+00,,1.44E+04,,8.67E+01
558,,1.89E+00,,1.78E+00,,1.45E+04,,8.91E+01
559,,1.90E+00,,1.77E+00,,1.46E+04,,9.24E+01
560,,1.91E+00,,1.78E+00,,1.47E+04,,9.67E+01
561,,1.91E+00,,1.78E+00,,1.48E+04,,9.95E+01
562,,1.91E+00,,1.77E+00,,1.49E+04,,1.04E+02
563,,1.91E+00,,1.77E+00,,1.50E+04,,1.08E+02
564,,1.93E+00,,1.77E+00,,1.51E+04,,1.11E+02
565,,1.93E+00,,1.77E+00,,1.53E+04,,1.16E+02
566,,1.93E+00,,1.77E+00,,1.54E+04,,1.18E+02
567,,1.94E+00,,1.77E+00,,1.55E+04,,1.22E+02
568,,1.96E+00,,1.77E+00,,1.56E+04,,1.25E+02
569,,1.96E+00,,1.77E+00,,1.57E+04,,1.30E+02
570,,1.97E+00,,1.77E+00,,1.58E+04,,1.32E+02
571,,1.98E+00,,1.77E+00,,1.59E+04,,1.35E+02
572,,1.99E+00,,1.77E+00,,1.60E+04,,1.37E+02
573,,1.99E+00,,1.77E+00,,1.62E+04,,1.43E+02
574,,1.99E+00,,1.77E+00,,1.63E+04,,1.46E+02
575,,2.00E+00,,1.77E+00,,1.64E+04,,1.50E+02
576,,2.01E+00,,1.77E+00,,1.65E+04,,1.51E+02
577,,2.01E+00,,1.77E+00,,1.66E+04,,1.56E+02
578,,2.01E+00,,1.76E+00,,1.67E+04,,1.60E+02
579,,2.02E+00,,1.76E+00,,1.68E+04,,1.62E+02
580,,2.02E+00,,1.77E+00,,1.69E+04,,1.65E+02
581,,2.02E+00,,1.76E+00,,1.71E+04,,1.70E+02
582,,2.02E+00,,1.76E+00,,1.72E+04,,1.74E+02
583,,2.02E+00,,1.76E+00,,1.73E+04,,1.76E+02
584,,2.01E+00,,1.76E+00,,1.74E+04,,1.79E+02
585,,2.01E+00,,1.76E+00,,1.75E+04,,-1.77E+02
586,,2.01E+00,,1.76E+00,,1.76E+04,,-1.73E+02
587,,2.00E+00,,1.76E+00,,1.78E+04,,-1.69E+02
588,,2.00E+00,,1.76E+00,,1.79E+04,,-1.67E+02
589,,2.00E+00,,1.76E+00,,1.80E+04,,-1.64E+02
590,,1.99E+00,,1.76E+00,,1.81E+04,,-1.60E+02
591,,1.99E+00,,1.76E+00,,1.82E+04,,-1.57E+02
592,,1.98E+00,,1.76E+00,,1.83E+04,,-1.53E+02
593,,1.97E+00,,1.76E+00,,1.84E+04,,-1.50E+02
594,,1.96E+00,,1.75E+00,,1.85E+04,,-1.48E+02
595,,1.96E+00,,1.75E+00,,1.86E+04,,-1.44E+02
596,,1.94E+00,,1.76E+00,,1.88E+04,,-1.38E+02
597,,1.94E+00,,1.75E+00,,1.89E+04,,-1.36E+02
598,,1.93E+00,,1.75E+00,,1.90E+04,,-1.34E+02
599,,1.93E+00,,1.75E+00,,1.91E+04,,-1.28E+02
600,,1.91E+00,,1.75E+00,,1.93E+04,,-1.22E+02
601,,1.91E+00,,1.74E+00,,1.94E+04,,-1.18E+02
602,,1.91E+00,,1.75E+00,,1.95E+04,,-1.15E+02
603,,1.91E+00,,1.75E+00,,1.96E+04,,-1.11E+02
604,,1.90E+00,,1.74E+00,,1.97E+04,,-1.08E+02
605,,1.90E+00,,1.74E+00,,1.99E+04,,-1.04E+02
606,,1.93E+00,,1.80E+00,,1.99E+04,,-1.00E+02
607,,1.93E+00,,1.80E+00,,1.01E+04,,-4.83E+01
608,,1.93E+00,,1.81E+00,,1.02E+04,,-4.44E+01
609,,1.94E+00,,1.81E+00,,1.03E+04,,-4.10E+01
610,,1.95E+00,,1.81E+00,,1.04E+04,,-3.69E+01
611,,1.95E+00,,1.80E+00,,1.05E+04,,-3.36E+01
612,,1.95E+00,,1.81E+00,,1.07E+04,,-2.86E+01
613,,1.96E+00,,1.80E+00,,1.07E+04,,-2.78E+01
614,,1.96E+00,,1.80E+00,,1.09E+04,,-2.22E+01
615,,1.96E+00,,1.80E+00,,1.10E+04,,-1.80E+01
616,,1.96E+00,,1.80E+00,,1.11E+04,,-1.54E+01
617,,1.96E+00,,1.80E+00,,1.12E+04,,-1.22E+01
618,,1.96E+00,,1.80E+00,,1.14E+04,,-7.07E+00
619,,1.96E+00,,1.80E+00,,1.15E+04,,-6.01E+00
620,,1.96E+00,,1.80E+00,,1.16E+04,,5.23E-01
621,,1.96E+00,,1.80E+00,,1.17E+04,,2.31E+00
622,,1.96E+00,,1.80E+00,,1.18E+04,,4.54E+00
623,,1.96E+00,,1.80E+00,,1.20E+04,,9.80E+00
624,,1.96E+00,,1.80E+00,,1.21E+04,,1.25E+01
625,,1.95E+00,,1.80E+00,,1.22E+04,,1.61E+01
626,,1.94E+00,,1.79E+00,,1.23E+04,,1.84E+01
627,,1.94E+00,,1.79E+00,,1.24E+04,,2.36E+01
628,,1.93E+00,,1.80E+00,,1.25E+04,,2.64E+01
629,,1.93E+00,,1.79E+00,,1.26E+04,,2.98E+01
630,,1.93E+00,,1.79E+00,,1.28E+04,,3.46E+01
631,,1.92E+00,,1.79E+00,,1.29E+04,,3.80E+01
632,,1.91E+00,,1.79E+00,,1.30E+04,,3.95E+01
633,,1.91E+00,,1.79E+00,,1.31E+04,,4.60E+01
634,,1.90E+00,,1.79E+00,,1.32E+04,,4.92E+01
635,,1.90E+00,,1.78E+00,,1.33E+04,,5.16E+01
636,,1.89E+00,,1.78E+00,,1.34E+04,,5.46E+01
637,,1.89E+00,,1.79E+00,,1.36E+04,,5.96E+01
638,,1.88E+00,,1.79E+00,,1.37E+04,,6.36E+01
639,,1.88E+00,,1.78E+00,,1.38E+04,,6.57E+01
640,,1.88E+00,,1.78E+00,,1.39E+04,,7.08E+01
641,,1.88E+00,,1.78E+00,,1.40E+04,,7.53E+01
642,,1.89E+00,,1.78E+00,,1.41E+04,,7.67E+01
643,,1.88E+00,,1.78E+00,,1.42E+04,,8.10E+01
644,,1.89E+00,,1.78E+00,,1.44E+04,,8.65E+01
645,,1.89E+00,,1.78E+00,,1.45E+04,,8.84E+01
646,,1.90E+00,,1.78E+00,,1.46E+04,,9.25E+01
647,,1.90E+00,,1.77E+00,,1.47E+04,,9.67E+01
648,,1.91E+00,,1.78E+00,,1.48E+04,,1.00E+02
649,,1.91E+00,,1.78E+00,,1.49E+04,,1.03E+02
650,,1.92E+00,,1.78E+00,,1.50E+04,,1.07E+02
651,,1.92E+00,,1.77E+00,,1.52E+04,,1.12E+02
652,,1.93E+00,,1.78E+00,,1.53E+04,,1.17E+02
653,,1.93E+00,,1.77E+00,,1.54E+04,,1.19E+02
654,,1.94E+00,,1.78E+00,,1.55E+04,,1.21E+02
655,,1.95E+00,,1.77E+00,,1.56E+04,,1.27E+02
656,,1.96E+00,,1.77E+00,,1.57E+04,,1.28E+02
657,,1.97E+00,,1.77E+00,,1.59E+04,,1.34E+02
658,,1.97E+00,,1.77E+00,,1.60E+04,,1.38E+02
659,,1.99E+00,,1.77E+00,,1.61E+04,,1.40E+02
660,,1.99E+00,,1.77E+00,,1.62E+04,,1.43E+02
661,,2.00E+00,,1.76E+00,,1.63E+04,,1.48E+02
662,,2.00E+00,,1.77E+00,,1.64E+04,,1.52E+02
663,,2.01E+00,,1.77E+00,,1.65E+04,,1.54E+02
664,,2.01E+00,,1.77E+00,,1.67E+04,,1.59E+02
665,,2.01E+00,,1.77E+00,,1.68E+04,,1.61E+02
666,,2.02E+00,,1.76E+00,,1.69E+04,,1.63E+02
667,,2.01E+00,,1.76E+00,,1.70E+04,,1.66E+02
668,,2.02E+00,,1.76E+00,,1.71E+04,,1.72E+02
669,,2.02E+00,,1.76E+00,,1.72E+04,,1.74E+02
670,,2.02E+00,,1.76E+00,,1.73E+04,,1.77E+02
671,,2.01E+00,,1.76E+00,,1.74E+04,,-1.79E+02
672,,2.01E+00,,1.76E+00,,1.76E+04,,-1.75E+02
673,,2.01E+00,,1.76E+00,,1.77E+04,,-1.72E+02
674,,2.00E+00,,1.76E+00,,1.78E+04,,-1.68E+02
675,,2.00E+00,,1.76E+00,,1.79E+04,,-1.67E+02
676,,1.99E+00,,1.76E+00,,1.80E+04,,-1.62E+02
677,,1.99E+00,,1.76E+00,,1.81E+04,,-1.59E+02
678,,1.98E+00,,1.76E+00,,1.82E+04,,-1.56E+02
679,,1.97E+00,,1.75E+00,,1.84E+04,,-1.52E+02
680,,1.97E+00,,1.75E+00,,1.85E+04,,-1.48E+02
681,,1.96E+00,,1.76E+00,,1.86E+04,,-1.45E+02
682,,1.95E+00,,1.75E+00,,1.87E+04,,-1.41E+02
683,,1.94E+00,,1.75E+00,,1.88E+04,,-1.37E+02
684,,1.93E+00,,1.76E+00,,1.89E+04,,-1.34E+02
685,,1.93E+00,,1.75E+00,,1.90E+04,,-1.32E+02
686,,1.93E+00,,1.75E+00,,1.92E+04,,-1.28E+02
687,,1.92E+00,,1.75E+00,,1.93E+04,,-1.25E+02
688,,1.91E+00,,1.75E+00,,1.94E+04,,-1.19E+02
689,,1.91E+00,,1.75E+00,,1.95E+04,,-1.18E+02
690,,1.91E+00,,1.74E+00,,1.96E+04,,-1.11E+02
691,,1.90E+00,,1.75E+00,,1.97E+04,,-1.08E+02
692,,1.90E+00,,1.74E+00,,1.99E+04,,-1.04E+02
693,,1.92E+00,,1.81E+00,,2.00E+04,,-9.94E+01
694,,1.93E+00,,1.80E+00,,1.01E+04,,-4.84E+01
695,,1.93E+00,,1.80E+00,,1.02E+04,,-4.39E+01
696,,1.93E+00,,1.81E+00,,1.03E+04,,-3.91E+01
697,,1.94E+00,,1.81E+00,,1.04E+04,,-3.60E+01
698,,1.94E+00,,1.80E+00,,1.05E+04,,-3.44E+01
699,,1.95E+00,,1.81E+00,,1.06E+04,,-3.00E+01
700,,1.95E+00,,1.80E+00,,1.08E+04,,-2.60E+01
701,,1.96E+00,,1.80E+00,,1.09E+04,,-2.23E+01
702,,1.96E+00,,1.80E+00,,1.10E+04,,-1.80E+01
703,,1.96E+00,,1.80E+00,,1.12E+04,,-1.34E+01
704,,1.96E+00,,1.80E+00,,1.13E+04,,-9.76E+00
705,,1.96E+00,,1.80E+00,,1.15E+04,,-4.95E+00
706,,1.96E+00,,1.80E+00,,1.16E+04,,-2.80E+00
707,,1.96E+00,,1.80E+00,,1.17E+04,,2.59E+00
708,,1.96E+00,,1.80E+00,,1.18E+04,,4.57E+00
709,,1.96E+00,,1.80E+00,,1.20E+04,,9.03E+00
710,,1.95E+00,,1.79E+00,,1.21E+04,,1.46E+01
711,,1.95E+00,,1.80E+00,,1.23E+04,,1.85E+01
712,,1.94E+00,,1.80E+00,,1.23E+04,,2.20E+01
713,,1.93E+00,,1.80E+00,,1.25E+04,,2.51E+01
714,,1.93E+00,,1.80E+00,,1.26E+04,,2.79E+01
715,,1.93E+00,,1.79E+00,,1.27E+04,,3.27E+01
716,,1.92E+00,,1.79E+00,,1.28E+04,,3.53E+01
717,,1.92E+00,,1.79E+00,,1.29E+04,,3.92E+01
718,,1.91E+00,,1.79E+00,,1.30E+04,,4.36E+01
719,,1.91E+00,,1.79E+00,,1.32E+04,,4.68E+01
720,,1.90E+00,,1.79E+00,,1.33E+04,,4.95E+01
721,,1.90E+00,,1.79E+00,,1.34E+04,,5.44E+01
722,,1.89E+00,,1.78E+00,,1.35E+04,,5.62E+01
723,,1.88E+00,,1.78E+00,,1.36E+04,,6.16E+01
724,,1.88E+00,,1.78E+00,,1.37E+04,,6.56E+01
725,,1.88E+00,,1.78E+00,,1.39E+04,,7.01E+01
726,,1.89E+00,,1.78E+00,,1.39E+04,,7.22E+01
727,,1.88E+00,,1.78E+00,,1.41E+04,,7.59E+01
728,,1.88E+00,,1.78E+00,,1.42E+04,,8.12E+01
729,,1.89E+00,,1.78E+00,,1.43E+04,,8.30E+01
730,,1.89E+00,,1.78E+00,,1.44E+04,,8.75E+01
731,,1.89E+00,,1.78E+00,,1.45E+04,,9.13E+01
732,,1.91E+00,,1.78E+00,,1.47E+04,,9.48E+01
733,,1.91E+00,,1.78E+00,,1.48E+04,,9.78E+01
734,,1.91E+00,,1.77E+00,,1.49E+04,,1.02E+02
735,,1.91E+00,,1.78E+00,,1.50E+04,,1.08E+02
736,,1.92E+00,,1.77E+00,,1.51E+04,,1.11E+02
737,,1.93E+00,,1.78E+00,,1.52E+04,,1.13E+02
738,,1.94E+00,,1.77E+00,,1.53E+04,,1.17E+02
739,,1.94E+00,,1.77E+00,,1.55E+04,,1.21E+02
740,,1.95E+00,,1.77E+00,,1.56E+04,,1.24E+02
741,,1.96E+00,,1.77E+00,,1.57E+04,,1.28E+02
742,,1.96E+00,,1.77E+00,,1.58E+04,,1.31E+02
743,,1.97E+00,,1.77E+00,,1.59E+04,,1.37E+02
744,,1.99E+00,,1.77E+00,,1.60E+04,,1.38E+02
745,,1.99E+00,,1.77E+00,,1.62E+04,,1.44E+02
746,,2.00E+00,,1.77E+00,,1.63E+04,,1.47E+02
747,,2.00E+00,,1.77E+00,,1.64E+04,,1.49E+02
748,,2.01E+00,,1.77E+00,,1.65E+04,,1.53E+02
749,,2.01E+00,,1.77E+00,,1.66E+04,,1.56E+02
750,,2.01E+00,,1.76E+00,,1.67E+04,,1.59E+02
751,,2.02E+00,,1.77E+00,,1.68E+04,,1.62E+02
752,,2.02E+00,,1.76E+00,,1.70E+04,,1.67E+02
753,,2.02E+00,,1.76E+00,,1.71E+04,,1.70E+02
754,,2.01E+00,,1.76E+00,,1.72E+04,,1.74E+02
755,,2.02E+00,,1.76E+00,,1.73E+04,,1.76E+02
756,,2.01E+00,,1.76E+00,,1.74E+04,,-1.80E+02
757,,2.01E+00,,1.76E+00,,1.75E+04,,-1.76E+02
758,,2.01E+00,,1.76E+00,,1.76E+04,,-1.73E+02
759,,2.00E+00,,1.76E+00,,1.78E+04,,-1.70E+02
760,,2.00E+00,,1.76E+00,,1.79E+04,,-1.67E+02
761,,1.99E+00,,1.76E+00,,1.80E+04,,-1.63E+02
762,,1.99E+00,,1.76E+00,,1.81E+04,,-1.61E+02
763,,1.99E+00,,1.76E+00,,1.82E+04,,-1.56E+02
764,,1.98E+00,,1.76E+00,,1.83E+04,,-1.53E+02
765,,1.97E+00,,1.75E+00,,1.84E+04,,-1.51E+02
766,,1.96E+00,,1.76E+00,,1.85E+04,,-1.45E+02
767,,1.96E+00,,1.75E+00,,1.87E+04,,-1.42E+02
768,,1.95E+00,,1.76E+00,,1.88E+04,,-1.39E+02
769,,1.94E+00,,1.75E+00,,1.89E+04,,-1.37E+02
770,,1.93E+00,,1.75E+00,,1.90E+04,,-1.33E+02
771,,1.93E+00,,1.75E+00,,1.91E+04,,-1.28E+02
772,,1.93E+00,,1.75E+00,,1.92E+04,,-1.23E+02
773,,1.91E+00,,1.75E+00,,1.93E+04,,-1.22E+02
774,,1.91E+00,,1.75E+00,,1.94E+04,,-1.16E+02
775,,1.91E+00,,1.74E+00,,1.95E+04,,-1.14E+02
776,,1.90E+00,,1.75E+00,,1.97E+04,,-1.09E+02
777,,1.90E+00,,1.74E+00,,1.98E+04,,-1.08E+02
778,,1.90E+00,,1.75E+00,,1.99E+04,,-1.04E+02
779,,1.93E+00,,1.81E+00,,2.00E+04,,-1.00E+02
780,,1.93E+00,,1.80E+00,,1.01E+04,,-4.67E+01
781,,1.93E+00,,1.81E+00,,1.02E+04,,-4.30E+01
782,,1.93E+00,,1.80E+00,,1.03E+04,,-4.03E+01
783,,1.94E+00,,1.80E+00,,1.04E+04,,-3.73E+01
784,,1.94E+00,,1.81E+00,,1.05E+04,,-3.24E+01
785,,1.95E+00,,1.80E+00,,1.07E+04,,-2.91E+01
786,,1.96E+00,,1.80E+00,,1.08E+04,,-2.52E+01
787,,1.96E+00,,1.80E+00,,1.09E+04,,-2.12E+01
788,,1.96E+00,,1.80E+00,,1.10E+04,,-1.93E+01
789,,1.96E+00,,1.80E+00,,1.11E+04,,-1.56E+01
790,,1.96E+00,,1.80E+00,,1.12E+04,,-1.35E+01
791,,1.96E+00,,1.80E+00,,1.14E+04,,-8.92E+00
792,,1.96E+00,,1.80E+00,,1.15E+04,,-4.54E+00
793,,1.96E+00,,1.80E+00,,1.16E+04,,-3.35E+00
794,,1.96E+00,,1.80E+00,,1.17E+04,,2.35E+00
795,,1.96E+00,,1.80E+00,,1.18E+04,,4.45E+00
796,,1.96E+00,,1.80E+00,,1.19E+04,,8.53E+00
797,,1.96E+00,,1.80E+00,,1.20E+04,,1.10E+01
798,,1.95E+00,,1.80E+00,,1.22E+04,,1.63E+01
799,,1.95E+00,,1.79E+00,,1.23E+04,,1.83E+01
800,,1.94E+00,,1.79E+00,,1.24E+04,,2.32E+01
801,,1.93E+00,,1.79E+00,,1.25E+04,,2.73E+01
802,,1.93E+00,,1.79E+00,,1.26E+04,,3.00E+01
803,,1.93E+00,,1.79E+00,,1.27E+04,,3.27E+01
804,,1.92E+00,,1.79E+00,,1.28E+04,,3.56E+01
805,,1.92E+00,,1.79E+00,,1.30E+04,,4.12E+01
806,,1.91E+00,,1.79E+00,,1.31E+04,,4.37E+01
807,,1.90E+00,,1.79E+00,,1.32E+04,,4.88E+01
808,,1.90E+00,,1.79E+00,,1.34E+04,,5.28E+01
809,,1.89E+00,,1.79E+00,,1.35E+04,,5.73E+01
810,,1.89E+00,,1.78E+00,,1.36E+04,,6.05E+01
811,,1.88E+00,,1.79E+00,,1.37E+04,,6.36E+01
812,,1.88E+00,,1.79E+00,,1.38E+04,,6.75E+01
813,,1.88E+00,,1.78E+00,,1.39E+04,,7.10E+01
814,,1.88E+00,,1.78E+00,,1.41E+04,,7.53E+01
815,,1.88E+00,,1.78E+00,,1.42E+04,,7.98E+01
816,,nan,,nan,,1.43E+04,,8.20E+01
817,,nan,,nan,,nan,,nan
818,,nan,,nan,,nan,,nan
819,,nan,,nan,,nan,,nan
820,,nan,,nan,,nan,,nan
821,,nan,,nan,,nan,,nan
822,,nan,,nan,,nan,,nan
823,,nan,,nan,,nan,,nan
824,,nan,,nan,,nan,,nan
825,,nan,,nan,,nan,,nan
826,,nan,,nan,,nan,,nan
827,,nan,,nan,,nan,,nan
828,,nan,,nan,,nan,,nan
829,,nan,,nan,,nan,,nan
830,,nan,,nan,,nan,,nan
831,,nan,,nan,,nan,,nan
832,,nan,,nan,,nan,,nan
833,,nan,,nan,,nan,,nan
834,,nan,,nan,,nan,,nan
835,,nan,,nan,,nan,,nan
836,,nan,,nan,,nan,,nan
837,,nan,,nan,,nan,,nan
838,,nan,,nan,,nan,,nan
839,,nan,,nan,,nan,,nan
840,,nan,,nan,,nan,,nan
841,,nan,,nan,,nan,,nan
842,,nan,,nan,,nan,,nan
843,,nan,,nan,,nan,,nan
844,,nan,,nan,,nan,,nan
845,,nan,,nan,,nan,,nan
846,,nan,,nan,,nan,,nan
847,,nan,,nan,,nan,,nan
848,,nan,,nan,,nan,,nan
849,,nan,,nan,,nan,,nan
850,,nan,,nan,,nan,,nan
851,,nan,,nan,,nan,,nan
852,,nan,,nan,,nan,,nan
853,,nan,,nan,,nan,,nan
854,,nan,,nan,,nan,,nan
855,,nan,,nan,,nan,,nan
856,,nan,,nan,,nan,,nan
857,,nan,,nan,,nan,,nan
858,,nan,,nan,,nan,,nan
859,,nan,,nan,,nan,,nan
860,,nan,,nan,,nan,,nan
861,,nan,,nan,,nan,,nan
862,,nan,,nan,,nan,,nan
863,,nan,,nan,,nan,,nan
864,,nan,,nan,,nan,,nan
865,,nan,,nan,,nan,,nan
866,,nan,,nan,,nan,,nan
867,,nan,,nan,,nan,,nan
868,,nan,,nan,,nan,,nan
869,,nan,,nan,,nan,,nan
870,,nan,,nan,,nan,,nan
871,,nan,,nan,,nan,,nan
872,,nan,,nan,,nan,,nan
873,,nan,,nan,,nan,,nan
874,,nan,,nan,,nan,,nan
875,,nan,,nan,,nan,,nan
876,,nan,,nan,,nan,,nan
877,,nan,,nan,,nan,,nan
878,,nan,,nan,,nan,,nan
879,,nan,,nan,,nan,,nan
880,,nan,,nan,,nan,,nan
881,,nan,,nan,,nan,,nan
882,,nan,,nan,,nan,,nan
883,,nan,,nan,,nan,,nan
884,,nan,,nan,,nan,,nan
885,,nan,,nan,,nan,,nan
886,,nan,,nan,,nan,,nan
887,,nan,,nan,,nan,,nan
888,,nan,,nan,,nan,,nan
889,,nan,,nan,,nan,,nan
890,,nan,,nan,,nan,,nan
891,,nan,,nan,,nan,,nan
892,,nan,,nan,,nan,,nan
893,,nan,,nan,,nan,,nan
894,,nan,,nan,,nan,,nan
895,,nan,,nan,,nan,,nan
896,,nan,,nan,,nan,,nan
897,,nan,,nan,,nan,,nan
898,,nan,,nan,,nan,,nan
899,,nan,,nan,,nan,,nan
900,,nan,,nan,,nan,,nan
901,,nan,,nan,,nan,,nan
902,,nan,,nan,,nan,,nan
903,,nan,,nan,,nan,,nan
904,,nan,,nan,,nan,,nan
905,,nan,,nan,,nan,,nan
906,,nan,,nan,,nan,,nan
907,,nan,,nan,,nan,,nan
908,,nan,,nan,,nan,,nan
909,,nan,,nan,,nan,,nan
910,,nan,,nan,,nan,,nan
911,,nan,,nan,,nan,,nan
912,,nan,,nan,,nan,,nan
913,,nan,,nan,,nan,,nan
914,,nan,,nan,,nan,,nan
915,,nan,,nan,,nan,,nan
916,,nan,,nan,,nan,,nan
917,,nan,,nan,,nan,,nan
918,,nan,,nan,,nan,,nan
919,,nan,,nan,,nan,,nan
920,,nan,,nan,,nan,,nan
921,,nan,,nan,,nan,,nan
922,,nan,,nan,,nan,,nan
923,,nan,,nan,,nan,,nan
924,,nan,,nan,,nan,,nan
925,,nan,,nan,,nan,,nan
926,,nan,,nan,,nan,,nan
927,,nan,,nan,,nan,,nan
928,,nan,,nan,,nan,,nan
929,,nan,,nan,,nan,,nan
930,,nan,,nan,,nan,,nan
931,,nan,,nan,,nan,,nan
932,,nan,,nan,,nan,,nan
933,,nan,,nan,,nan,,nan
934,,nan,,nan,,nan,,nan
935,,nan,,nan,,nan,,nan
936,,nan,,nan,,nan,,nan
937,,nan,,nan,,nan,,nan
938,,nan,,nan,,nan,,nan
939,,nan,,nan,,nan,,nan
940,,nan,,nan,,nan,,nan
941,,nan,,nan,,nan,,nan
942,,nan,,nan,,nan,,nan
943,,nan,,nan,,nan,,nan
944,,nan,,nan,,nan,,nan
945,,nan,,nan,,nan,,nan
946,,nan,,nan,,nan,,nan
947,,nan,,nan,,nan,,nan
948,,nan,,nan,,nan,,nan
949,,nan,,nan,,nan,,nan
950,,nan,,nan,,nan,,nan
951,,nan,,nan,,nan,,nan
952,,nan,,nan,,nan,,nan
953,,nan,,nan,,nan,,nan
954,,nan,,nan,,nan,,nan
955,,nan,,nan,,nan,,nan
956,,nan,,nan,,nan,,nan
957,,nan,,nan,,nan,,nan
958,,nan,,nan,,nan,,nan
959,,nan,,nan,,nan,,nan
960,,nan,,nan,,nan,,nan
961,,nan,,nan,,nan,,nan
962,,nan,,nan,,nan,,nan
963,,nan,,nan,,nan,,nan
964,,nan,,nan,,nan,,nan
965,,nan,,nan,,nan,,nan
966,,nan,,nan,,nan,,nan
967,,nan,,nan,,nan,,nan
968,,nan,,nan,,nan,,nan
969,,nan,,nan,,nan,,nan
970,,nan,,nan,,nan,,nan
971,,nan,,nan,,nan,,nan
972,,nan,,nan,,nan,,nan
973,,nan,,nan,,nan,,nan
974,,nan,,nan,,nan,,nan
975,,nan,,nan,,nan,,nan
976,,nan,,nan,,nan,,nan
977,,nan,,nan,,nan,,nan
978,,nan,,nan,,nan,,nan
979,,nan,,nan,,nan,,nan
980,,nan,,nan,,nan,,nan
981,,nan,,nan,,nan,,nan
982,,nan,,nan,,nan,,nan
983,,nan,,nan,,nan,,nan
984,,nan,,nan,,nan,,nan
985,,nan,,nan,,nan,,nan
986,,nan,,nan,,nan,,nan
987,,nan,,nan,,nan,,nan
988,,nan,,nan,,nan,,nan
989,,nan,,nan,,nan,,nan
990,,nan,,nan,,nan,,nan
991,,nan,,nan,,nan,,nan
992,,nan,,nan,,nan,,nan
993,,nan,,nan,,nan,,nan
994,,nan,,nan,,nan,,nan
995,,nan,,nan,,nan,,nan
996,,nan,,nan,,nan,,nan
997,,nan,,nan,,nan,,nan
998,,nan,,nan,,nan,,nan
999,,nan,,nan,,nan,,nan
1000,,nan,,nan,,nan,,nan
